{"nondiag_l1_data": {"eps_list": [0.0001], "c_list": [0.3, 0.6, 0.9, 1.2, 1.5, 1.8, 2.1, 2.4, 2.7, 3.0], "J_list": [1, 2, 3, 4, 5, 6, 7, 8, 9, 10], "eps=1.00e-04, J=1, c=0.3": [0.0002804689485466622, 0.00014989459693424392, 5.695280151274023e-05, 0.0001608636529212784, 4.803794393031406e-05, 0.0003356571464351944, 6.058990502142587e-05, 0.00013214969239948155, 0.00013559342436415242, 2.7199417764275415e-05, 0.0001359142768641461, 0.00022698475480988255, 6.236645508714479e-05, 1.2310127700600735e-05, 7.238834401843868e-05, 1.068975442834553e-08, 1.5535597073670283e-05, 3.376850976235194e-05, 5.804471848578858e-05, 1.212767349768371e-05, 0.00018854705760127237, 0.00021076682954326037, 6.617807683734224e-10, 5.2044269895298505e-05, 6.206770653103181e-05, 5.687019371502767e-05, 0.00014448166484142856, 7.847245840913363e-05, 2.677004684531912e-05, 0.00011580131771751495, 3.579700353124883e-05, 0.0002227094155000272, 7.031718566939941e-05, 3.1181466520728636e-05, 2.738689607384619e-05, 2.6578697838380128e-05, 4.475965667584821e-05, 0.00018598104997409625, 1.8468642688893227e-05, 3.619452674333673e-05, 3.238101172820796e-05, 0.00010900205084735717, 4.970782265098669e-06, 0.00015123814522848168, 8.244028853370449e-05, 0.00027119123801490813]}, "dnorm_data": {"eps_list": [0.0001], "c_list": [0.3, 0.6, 0.9, 1.2, 1.5, 1.8, 2.1, 2.4, 2.7, 3.0], "J_list": [1, 2, 3, 4, 5, 6, 7, 8, 9, 10], "eps=1.00e-04, J=1, c=0.3": [1.2658501580276038e-08, 6.491076121051265e-09, 6.208682457042869e-09, 5.589650742265917e-09, 3.002832205112327e-09, 4.716669055326861e-09, 1.3209888738430209e-09, 3.136576776086031e-09, 6.203002556048887e-09, 1.5281973020364603e-08, 5.633502553337166e-09, 1.6607127895085227e-08, 5.799208224743779e-09, 4.657994434609236e-09, 7.660939438380865e-09, 1.1323815884978217e-08, 5.348229858981313e-09, 2.333738979842792e-09, 4.779663109744092e-09, 3.5928233721449487e-09, 1.5963363964033306e-09, 2.1083372825358992e-09, 3.409820426014676e-09, 1.0055921650931055e-08, 4.30462088196748e-09, 3.729546893538327e-09, 4.441297996038429e-09, 3.877898224757814e-09, 1.6628278753927361e-09, 6.25904639228736e-09, 5.7021276589352965e-11, 6.439068389596514e-09, 3.719867525120435e-09, 4.973829126342366e-09, 2.1602628574868277e-09, 4.544477683054993e-09, 1.5496648408941383e-10, 5.984936324310297e-09, 4.018421151386065e-09, 2.9453521843691988e-09, 3.7208434111590805e-09, 7.122993306296621e-09, 9.598188466242163e-09, 1.0830789376470307e-08, 2.2587920422978414e-09, 3.1954940915568386e-09]}, "success_data": {"eps_list": [0.0001], "c_list": [0.3, 0.6, 0.9, 1.2, 1.5, 1.8, 2.1, 2.4, 2.7, 3.0], "J_list": [1, 2, 3, 4, 5, 6, 7, 8, 9, 10], "eps=1.00e-04, J=1, c=0.3": [0, 0, 0, 0, 0, 0, 0, 0, 0, 0, 0, 0, 0, 0, 0, 0, 0, 0, 0, 0, 0, 0, 0, 0, 0, 0, 0, 0, 0, 0, 0, 0, 0, 0, 0, 0, 0, 0, 0, 0, 0, 0, 0, 0, 0, 0]}}