{"nondiag_l1_data": {"eps_list": [0.0001], "c_list": [0.3, 0.6, 0.9, 1.2, 1.5, 1.8, 2.1, 2.4, 2.7, 3.0], "J_list": [1, 2, 3, 4, 5, 6, 7, 8, 9, 10], "eps=1.00e-04, J=1, c=0.3": [0.00021053114707812027, 2.2752545435719887e-09, 7.068575815527369e-05, 6.414386554682231e-05, 9.551858725873564e-06, 1.3080010219775374e-09, 3.0020034678386926e-05, 0.00013850693637238847, 6.0276719760389775e-05, 0.00013688973862843517, 9.30269854753193e-09, 0.00011184121944219505, 4.784177608489759e-09, 1.0263794002729503e-08, 2.059027333875276e-09, 3.474540483044114e-09, 2.107211224196185e-09, 1.14684862957172e-08, 4.3258468213182155e-09, 1.2162497262945877e-05, 0.00011540635570670187, 3.379299003502976e-09, 0.00010208771229785133, 1.5271893393639785e-09, 6.8875768883404725e-09, 2.6962306616754485e-09, 0.00017964130740199857, 1.3142433290046624e-05, 3.096142925942019e-09, 1.02380942559897e-05, 3.6535615278466987e-09, 2.9282751764871196e-09, 1.6421149461744892e-05, 0.0001268605379237301, 9.335600187638551e-05, 4.0705437698740456e-05, 7.2550259189066075e-06, 0.00018599888796185472, 1.6627389538685129e-09, 8.190718282467371e-05, 1.5061042570599924e-09, 5.170534698064014e-05, 6.0526220704359346e-05, 0.0001373350843423005, 0.0001904183369159232, 1.1535987547584811e-08, 0.00011276198386472122, 3.244900513099241e-05, 2.279524468716928e-08, 5.7215542586004304e-05, 3.406067683005575e-09, 0.00010527983528289334, 0.00011229881840493113, 6.580288951010821e-05, 5.115823782149134e-05, 1.5046667653500507e-09, 5.960264187289369e-09, 7.452793738082665e-05, 9.569932088639428e-10, 4.006931318066697e-05, 9.321266560418958e-09, 7.573111861508575e-05, 0.0001144976837312114, 4.779859915361792e-09, 7.543354970654045e-09, 6.380820335970231e-05, 0.00020092510216205124, 0.00010797820820490044, 0.00013698629401122186, 4.79252656305444e-05, 2.4535595948006585e-09, 6.778324091407091e-09, 2.821843463214581e-06, 5.229344350438561e-05, 5.398012017051457e-09, 0.00024307382752800192, 3.1589707509932956e-09, 0.00012415306455546644, 2.9870924195513193e-05, 1.0085913576080294e-09, 0.00014035324402848363, 3.189797363079946e-09, 1.789346206057433e-08, 7.384121401324465e-10, 3.3554172445366035e-09, 0.00014933432888278227, 3.2815995726090652e-09, 4.2739784106844335e-09, 6.3009815534241724e-09, 4.755650343106736e-05, 2.3381834127607703e-09, 0.0001260324412818977, 2.4991954201382674e-05, 3.612560393794208e-05, 1.9962020264434085e-05, 0.00020892508788240653, 0.0001091454918527021, 9.198711338414692e-09, 4.986999097386066e-09, 7.409149519739856e-09, 2.1275909031751245e-09, 4.962562145306243e-09, 7.168951411336138e-05, 0.0001160302226909925, 1.9254181063216583e-09, 5.386067783099603e-05, 0.0001540566480008672, 0.00015479659544804833, 5.949799850177844e-05, 1.2493699247910922e-08, 1.1202463556572948e-09, 1.3537298773837077e-05, 1.5178020860525956e-09, 1.6136521445646444e-05, 1.905196723242764e-12, 2.28674073582719e-09, 4.139803285673282e-05, 4.2829295956923715e-05, 8.338737158194965e-05, 2.7093262065699335e-09, 0.000198341914864867, 1.281446336844012e-05, 7.149633088105099e-09, 2.0486701453010133e-09, 4.848345552238158e-09, 1.5080844801946029e-09, 4.310442965031191e-05, 5.931152382141659e-09, 1.3227126847775025e-08, 2.3200462700445312e-05, 3.4628320058952272e-09, 9.375941381636676e-05, 2.4286659062135732e-05, 0.00015224677617408085, 2.0770538306841304e-09, 4.159252809335006e-05, 0.00012007525807222367, 1.4559860922933438e-09, 2.522993603600661e-09, 0.00036281691972206426, 5.7071518155358216e-05, 2.743499298948984e-05, 4.308177185822258e-05, 5.019850752838761e-05, 1.773700765994428e-09, 2.139453411749452e-09, 2.0349854865942974e-09, 8.849758199178224e-05, 1.3632778320488554e-05, 0.0002742389890666228, 0.0001327476907210936, 5.931421822831568e-06, 0.00011761955843000681, 4.2106577936915386e-05, 1.8764793845313316e-09, 7.049743367603469e-05, 2.607619984581971e-09, 6.169052294484028e-05, 3.97963081431291e-09, 1.2170574968537144e-08, 6.652942547060495e-09, 4.8435211833043206e-05, 8.453144018776909e-07, 1.0969575335606294e-05, 3.3350949982050833e-09, 2.5610290900897968e-05, 3.3211634872210972e-09, 2.9579439720609692e-09, 2.5005907525427964e-05, 6.174515271797238e-14, 6.250358605941028e-09, 3.412513025838012e-05, 1.0011291647591611e-10, 0.0001057794512787279, 3.129210791884005e-09, 0.00010422392107703145, 2.1728153840484015e-09, 2.1756703413354026e-05, 3.636304097316878e-05, 0.00031981751916708776, 8.269702778119473e-09, 4.13804751591063e-05, 0.00019397115112069528, 0.00018428678402032252, 0.00011254599296815185, 0.00020234804246926252, 1.7594159738167891e-09, 6.0462124736449886e-05, 0.0001209041663003554, 3.6173866208908953e-09, 1.374722254884528e-09, 8.785242835079574e-06, 1.1484259366183662e-09, 3.98673332590876e-05, 0.00017539317771975933, 3.455857862877994e-05, 5.4820865380623744e-09, 4.840506456631971e-09, 2.6017097328548255e-05, 1.4686345347992714e-05]}, "dnorm_data": {"eps_list": [0.0001], "c_list": [0.3, 0.6, 0.9, 1.2, 1.5, 1.8, 2.1, 2.4, 2.7, 3.0], "J_list": [1, 2, 3, 4, 5, 6, 7, 8, 9, 10],