{"nondiag_l1_data": {"eps_list": [0.0001], "c_list": [0.3, 0.6, 0.9, 1.2, 1.5, 1.8, 2.1, 2.4, 2.7, 3.0], "J_list": [1, 2, 3, 4, 5, 6, 7, 8, 9, 10], "eps=1.00e-04, J=1, c=0.3": [0.0002804689485466622, 0.00014989459693424392, 5.695280151274023e-05, 0.0001608636529212784, 4.803794393031406e-05, 0.0003356571464351944, 6.058990502142587e-05, 0.00013214969239948155, 0.00013559342436415242, 2.7199417764275415e-05, 0.0001359142768641461, 0.00022698475480988255, 6.236645508714479e-05, 1.2310127700600735e-05, 7.238834401843868e-05, 1.068975442834553e-08, 1.5535597073670283e-05, 3.376850976235194e-05, 5.804471848578858e-05, 1.212767349768371e-05, 0.00018854705760127237, 0.00021076682954326037, 6.617807683734224e-10, 5.2044269895298505e-05, 6.206770653103181e-05, 5.687019371502767e-05, 0.00014448166484142856, 7.847245840913363e-05, 2.677004684531912e-05, 0.00011580131771751495, 3.579700353124883e-05, 0.0002227094155000272, 7.031718566939941e-05, 3.1181466520728636e-05, 2.738689607384619e-05, 2.6578697838380128e-05, 4.475965667584821e-05, 0.00018598104997409625, 1.8468642688893227e-05, 3.619452674333673e-05, 3.238101172820796e-05, 0.00010900205084735717, 4.970782265098669e-06, 0.00015123814522848168, 8.244028853370449e-05, 0.00027119123801490813], "eps=1.00e-04, J=1, c=0.6": [2.0560585977367623e-09, 8.965780538551679e-09, 9.028446406495445e-07, 9.470011654605092e-05, 0.00011736908895803763, 7.550324510445424e-09, 4.799973008228531e-06, 0.00019220668624141422, 2.823662130653499e-05, 4.482160800586531e-09, 1.0388854717253379e-08, 0.0001576623971477386, 3.3276746250717373e-05, 3.717137665799479e-05, 4.2395923580377845e-09, 4.5874453836784656e-05, 7.37823952845391e-09, 1.1661101566591505e-08, 5.451736883929144e-05, 4.6404259164790904e-05, 7.605052565912844e-09, 1.1192300755182602e-08, 5.909947192346595e-05, 4.04867916979784e-09, 3.0851292712857946e-05, 5.9541211194494515e-05, 1.9115961092449185e-05, 5.850509863748471e-09, 6.260615689350214e-09, 1.680240385808851e-05, 0.00010326991690501401, 1.0077547226048312e-08, 0.00016044889732863449, 9.472095005980283e-09, 8.28872643191135e-09, 6.124719011239347e-09, 9.029310878164264e-05, 2.55268091143522e-06, 5.215280910849118e-05, 1.5370182777671262e-08, 9.73564835795373e-09, 4.703224320369987e-05, 1.1543177347252033e-09, 1.1607895495836737e-05, 6.127731981737689e-14, 6.972607709101008e-05, 8.920883522130481e-05, 4.997596236208638e-09, 0.00018789568252330896, 1.3302907658827502e-08]}, "dnorm_data": {"eps_list": [0.0001], "c_list": [0.3, 0.6, 0.9, 1.2, 1.5, 1.8, 2.1, 2.4, 2.7, 3.0], "J_list": [1, 2, 3, 4, 5, 6, 7, 8, 9, 10], "eps=1.00e-04, J=1, c=0.3": [1.2658501580276038e-08, 6.491076121051265e-09, 6.208682457042869e-09, 5.589650742265917e-09, 3.002832205112327e-09, 4.716669055326861e-09, 1.3209888738430209e-09, 3.136576776086031e-09, 6.203002556048887e-09, 1.5281973020364603e-08, 5.633502553337166e-09, 1.6607127895085227e-08, 5.799208224743779e-09, 4.657994434609236e-09, 7.660939438380865e-09, 1.1323815884978217e-08, 5.348229858981313e-09, 2.333738979842792e-09, 4.779663109744092e-09, 3.5928233721449487e-09, 1.5963363964033306e-09, 2.1083372825358992e-09, 3.409820426014676e-09, 1.0055921650931055e-08, 4.30462088196748e-09, 3.729546893538327e-09, 4.441297996038429e-09, 3.877898224757814e-09, 1.6628278753927361e-09, 6.25904639228736e-09, 5.7021276589352965e-11, 6.439068389596514e-09, 3.719867525120435e-09, 4.973829126342366e-09, 2.1602628574868277e-09, 4.544477683054993e-09, 1.5496648408941383e-10, 5.984936324310297e-09, 4.018421151386065e-09, 2.9453521843691988e-09, 3.7208434111590805e-09, 7.122993306296621e-09, 9.598188466242163e-09, 1.0830789376470307e-08, 2.2587920422978414e-09, 3.1954940915568386e-09], "eps=1.00e-04, J=1, c=0.6": [2.9703479675902145e-09, 8.8571023848516e-09, 1.4327395714275326e-08, 2.1195081245650726e-09, 6.956138998148731e-09, 1.8294835202326e-08, 1.6833111349257024e-08, 8.9616722931396e-09, 4.346015325396024e-09, 9.274407686277186e-09, 1.6232399202564807e-08, 2.08639674426081e-08, 1.2352988187913638e-08, 1.4886885724152421e-08, 1.2514078662206884e-08, 3.231026335370757e-09, 9.292832503504656e-09, 1.3783043595338995e-08, 8.514266625070377e-09, 6.16869444414192e-09, 1.3145412092185893e-08, 1.0625500701522128e-08, 1.5199040248603524e-08, 6.592407286731827e-09, 3.985905161485448e-09, 6.3759795221329796e-09, 5.552576842760004e-09, 4.9711150751363675e-09, 7.810906810234997e-09, 1.6228342891722036e-08, 3.310392182598321e-08, 1.374691183109178e-08, 9.495455310926104e-09, 1.5046689894049337e-08, 8.368069792652477e-09, 7.585664318909835e-09, 9.03317198819309e-09, 1.4859434571690144e-08, 1.4310729712363468e-08, 1.4031152684168546e-08, 1.1256628740241581e-08, 8.626090952645882e-09, 5.338141040311939e-09, 6.49838960420368e-09, 8.588473487947113e-09, 2.678048893756113e-10, 9.390556998667421e-09, 5.7045355106311035e-09, 1.5383785134659433e-08, 1.594532705873064e-08]}, "success_data": {"eps_list": [0.0001], "c_list": [0.3, 0.6, 0.9, 1.2, 1.5, 1.8, 2.1, 2.4, 2.7, 3.0], "J_list": [1, 2, 3, 4, 5, 6, 7, 8, 9, 10], "eps=1.00e-04, J=1, c=0.3": [0, 0, 0, 0, 0, 0, 0, 0, 0, 0, 0, 0, 0, 0, 0, 0, 0, 0, 0, 0, 0, 0, 0, 0, 0, 0, 0, 0, 0, 0, 0, 0, 0, 0, 0, 0, 0, 0, 0, 0, 0, 0, 0, 0, 0, 0], "eps=1.00e-04, J=1, c=0.6": [0, 0, 0, 0, 0, 0, 0, 0, 0, 0, 0, 0, 0, 0, 0, 0, 0, 0, 0, 0, 0, 0, 0, 0, 0, 0, 0, 0, 0, 0, 0, 0, 0, 0, 0, 0, 0, 0, 0, 0, 0, 0, 0, 0, 1, 0, 0, 0, 0, 0]}}