{"nondiag_l1_data": {"eps_list": [0.0001], "c_list": [0.3, 0.6, 0.9, 1.2, 1.5, 1.8, 2.1, 2.4, 2.7, 3.0], "J_list": [1, 2, 3, 4, 5, 6, 7, 8, 9, 10], "eps=1.00e-04, J=1, c=0.3": [0.0002804689485466622, 0.00014989459693424392, 5.695280151274023e-05, 0.0001608636529212784, 4.803794393031406e-05, 0.0003356571464351944, 6.058990502142587e-05, 0.00013214969239948155, 0.00013559342436415242, 2.7199417764275415e-05, 0.0001359142768641461, 0.00022698475480988255, 6.236645508714479e-05, 1.2310127700600735e-05, 7.238834401843868e-05, 1.068975442834553e-08, 1.5535597073670283e-05, 3.376850976235194e-05, 5.804471848578858e-05, 1.212767349768371e-05, 0.00018854705760127237, 0.00021076682954326037, 6.617807683734224e-10, 5.2044269895298505e-05, 6.206770653103181e-05, 5.687019371502767e-05, 0.00014448166484142856, 7.847245840913363e-05, 2.677004684531912e-05, 0.00011580131771751495, 3.579700353124883e-05, 0.0002227094155000272, 7.031718566939941e-05, 3.1181466520728636e-05, 2.738689607384619e-05, 2.6578697838380128e-05, 4.475965667584821e-05, 0.00018598104997409625, 1.8468642688893227e-05, 3.619452674333673e-05, 3.238101172820796e-05, 0.00010900205084735717, 4.970782265098669e-06, 0.00015123814522848168, 8.244028853370449e-05, 0.00027119123801490813], "eps=1.00e-04, J=1, c=0.6": [2.0560585977367623e-09, 8.965780538551679e-09, 9.028446406495445e-07, 9.470011654605092e-05, 0.00011736908895803763, 7.550324510445424e-09, 4.799973008228531e-06, 0.00019220668624141422, 2.823662130653499e-05, 4.482160800586531e-09, 1.0388854717253379e-08, 0.0001576623971477386, 3.3276746250717373e-05, 3.717137665799479e-05, 4.2395923580377845e-09, 4.5874453836784656e-05, 7.37823952845391e-09, 1.1661101566591505e-08, 5.451736883929144e-05, 4.6404259164790904e-05, 7.605052565912844e-09, 1.1192300755182602e-08, 5.909947192346595e-05, 4.04867916979784e-09, 3.0851292712857946e-05, 5.9541211194494515e-05, 1.9115961092449185e-05, 5.850509863748471e-09, 6.260615689350214e-09, 1.680240385808851e-05, 0.00010326991690501401, 1.0077547226048312e-08, 0.00016044889732863449, 9.472095005980283e-09, 8.28872643191135e-09, 6.124719011239347e-09, 9.029310878164264e-05, 2.55268091143522e-06, 5.215280910849118e-05, 1.5370182777671262e-08, 9.73564835795373e-09, 4.703224320369987e-05, 1.1543177347252033e-09, 1.1607895495836737e-05, 6.127731981737689e-14, 6.972607709101008e-05, 8.920883522130481e-05, 4.997596236208638e-09, 0.00018789568252330896, 1.3302907658827502e-08], "eps=1.00e-04, J=1, c=0.9": [6.749535434702459e-05, 8.346661115055218e-05, 1.2956742701025317e-08, 0.00011517260099767638, 4.6615000748862084e-08, 7.55604088666801e-09, 9.809092392000737e-09, 2.8325664369871533e-05, 1.3267279360628825e-08, 0.0001652674025199519, 1.7874083139672343e-08, 1.2419536802741494e-08, 5.5701201188325705e-05, 4.748457551840407e-09, 8.181794125282889e-09, 7.827053036809894e-09, 8.182391032571847e-05, 1.1307644197216769e-08, 6.3389929875246704e-09, 0.00011916615096277416, 1.2267411045132875e-08, 5.7203948167990185e-09, 3.7942803790201376e-10, 4.320209484941006e-09, 1.407232613336169e-05, 7.45744923725498e-05, 1.0339877285645592e-08, 2.3875702489189548e-08, 0.00017040951245071283, 5.982576699977675e-05, 7.763370451159394e-09, 0.00012031056971445827, 8.187840308057871e-09, 4.65309948620614e-05, 2.2220725639081967e-08, 1.7458857314638164e-10, 4.7148163390351375e-05, 6.024940715262048e-09, 1.685424381230691e-08, 4.4772633717245825e-09, 1.8265313473916422e-09, 7.039798154614281e-09, 0.00013801398014365123, 0.00011047979476252972, 1.272446678281519e-09, 9.708219615231374e-05, 1.6554280431468022e-08, 3.43244720104433e-09], "eps=1.00e-04, J=1, c=1.2": [1.1090142579191694e-08, 8.55364603594534e-09, 1.5875607875906368e-08, 3.413189250493831e-08, 2.9017640943504786e-09, 4.560240807256563e-05, 5.881878209126077e-09, 9.577793365307675e-09, 1.0163139606007453e-08, 1.8513653524960112e-08, 5.479757284172164e-09, 3.7035170176224865e-05, 2.2862907121605004e-08, 2.7307343780492846e-08, 4.669141569914158e-05, 5.4547953587864086e-05, 3.596682753501951e-08, 9.724727546066798e-10, 0.00034729205982718793, 1.837295781380055e-08, 6.378822832389465e-14, 6.437278500063663e-14, 3.4072690611140985e-09, 1.4327023396189592e-08, 3.478936689328196e-05, 0.00014028305036099668, 2.290597270271921e-08, 1.1374755457927092e-08, 2.5188250517968933e-09, 6.210505599333077e-14, 1.308661899554339e-08, 5.4206209693629955e-09, 2.8929134722554383e-09, 4.202780931068051e-10, 1.072488346720192e-08, 4.9820990904278326e-09, 1.0908562329724573e-08, 5.157027771352537e-09, 2.0746280355375743e-09, 2.3571565571246657e-09, 9.299286639723254e-09, 9.338028669668317e-09, 1.7341518292181358e-09, 8.738676760587169e-09, 0.0008673597079764644, 8.599494293473059e-05, 9.160054981205442e-09, 6.118914726370499e-09, 3.6256190301674694e-05, 1.3312602261204204e-09], "eps=1.00e-04, J=1, c=1.5": [3.727922410242178e-08, 7.309922814396771e-09, 1.3423448831566623e-08, 5.492213621561572e-09, 1.676672552244173e-09, 6.324240757116388e-14, 5.230657390479845e-09, 2.4471254452674275e-08, 2.8000640040402014e-08, 1.2502143980942084e-08, 6.209260680335417e-14, 0.0003313215784903142, 6.159961563357543e-14, 1.657028536876965e-08, 4.8131799158970716e-08, 1.3626161987103544e-08, 1.2997456269846673e-09, 2.8398065544944417e-09, 3.4438601625330487e-06, 4.4972969384273485e-08, 5.0680426745870196e-09, 6.004943609053287e-09, 1.9355625904350874e-08, 1.1489276559327946e-08, 1.0069280387109934e-08, 6.145704671967769e-14, 9.30642923485041e-09, 1.656657308121302e-08, 1.6399986963103457e-08, 2.2512864038931958e-08, 1.345637307501098e-08, 3.630333321186067e-09, 3.8067728928272946e-09, 6.432898190011365e-14, 6.222281079048515e-14, 4.383895947084308e-09, 2.8279701682847862e-09, 1.1144178165240417e-10, 1.4300407647760801e-08, 7.615640675921718e-09, 2.6584777423303836e-09, 1.1095664426520093e-08, 2.683925804148837e-08, 1.1294602356383283e-08, 8.464129605527088e-05, 6.215811186587172e-14, 0.00014732230308395726, 1.0862869220497308e-08, 6.203954680633074e-14, 1.9750198641950956e-08], "eps=1.00e-04, J=1, c=1.8": [6.35165939711509e-14, 4.176277798690936e-08, 1.0217437602516927e-08, 5.940465998017393e-08, 6.282220001669036e-14, 3.173517614877141e-08, 3.4161884978599e-10, 2.456119456160994e-08, 1.674801015764751e-08, 3.9036110759311596e-08, 1.2083527742896459e-08, 5.239732625857235e-09, 3.589623636190629e-08, 6.196814089202947e-14, 1.6079548267644757e-08, 1.6059006481535306e-08, 6.176789974400633e-14, 8.5369775547152e-09, 9.080163393983434e-09, 5.430606648946446e-08, 4.521112474658521e-08, 2.9147883453155675e-08, 2.7751876394195366e-10, 1.9936162415256005e-10, 7.807348806228007e-09, 1.3428171252715287e-08, 9.579209618328906e-09, 6.10697258241444e-14, 6.178519028686119e-14, 2.048770648539858e-08, 1.7401317975186298e-09, 6.351785279865267e-14, 6.233335345592512e-14, 3.817008947535558e-09, 4.105463411083683e-08, 2.3117862690399453e-09, 8.191941695504677e-05, 2.4273250659840958e-08, 7.117497076880047e-09, 1.7219284746609904e-08, 6.199725579410862e-14, 6.155949745867041e-14, 6.091929380390752e-09, 1.2445541809420238e-08, 2.5882152514985677e-09, 2.066152957012192e-09, 1.3367525654887919e-08, 1.7612254356916952e-10, 7.313504676131662e-10, 1.818345716753999e-08],